{
  "csv_path": "E:\\RoboMaster\\mec_arm\\gravity_identification\\data\\mc02_capture_cleaned.csv",
  "num_samples": 10660,
  "test_stride": 5,
  "ridge_lambda": 0.01,
  "fit_joints": [
    1,
    2,
    3,
    4,
    5,
    6
  ],
  "joint_results": {
    "joint1": {
      "terms": [
        "1",
        "sin(q1)",
        "cos(q1)"
      ],
      "coeff_full": [
        0.0014958156964444268,
        -0.12117036053023521,
        -0.2019208384081745
      ],
      "train_metrics": {
        "mae": 0.24962470997301656,
        "rmse": 0.30419091430161677,
        "max_abs": 0.9803035338047208,
        "mae_ratio": 0.8832785046837519,
        "corr": 0.25132862575898723
      },
      "test_metrics": {
        "mae": 0.24823284246611288,
        "rmse": 0.3033996785554763,
        "max_abs": 0.9730621618647636,
        "mae_ratio": 0.8773827906181678,
        "corr": 0.25353177671857785
      },
      "full_metrics": {
        "mae": 0.24936825671564106,
        "rmse": 0.3040326725517493,
        "max_abs": 0.9804415031665711,
        "mae_ratio": 0.8821758644613558,
        "corr": 0.2517682614287213
      }
    },
    "joint2": {
      "terms": [
        "1",
        "sin(q2)",
        "cos(q2)",
        "sin(q2+q3)",
        "cos(q2+q3)",
        "sin(q2+q3+q4)",
        "cos(q2+q3+q4)",
        "sin(q2+q3+q4+q5)",
        "cos(q2+q3+q4+q5)"
      ],
      "coeff_full": [
        3.855526049240679,
        -5.6604982708749505,
        -9.476304466921068,
        0.06952303729724846,
        6.330403998496459,
        0.7890071533400824,
        1.5388425500970635,
        -4.214075887897769,
        2.132532788644803
      ],
      "train_metrics": {
        "mae": 0.8979907940949775,
        "rmse": 1.0796570771225797,
        "max_abs": 3.635560372134705,
        "mae_ratio": 0.10898038921512533,
        "corr": 0.9867261180076042
      },
      "test_metrics": {
        "mae": 0.8940285100293606,
        "rmse": 1.076333453586847,
        "max_abs": 3.4053617478259746,
        "mae_ratio": 0.10863543428758297,
        "corr": 0.9867804521668126
      },
      "full_metrics": {
        "mae": 0.8972003584747418,
        "rmse": 1.0789900997093442,
        "max_abs": 3.635863541016537,
        "mae_ratio": 0.10891171264996168,
        "corr": 0.9867370163254828
      }
    },
    "joint3": {
      "terms": [
        "1",
        "sin(q2+q3)",
        "cos(q2+q3)",
        "sin(q2+q3+q4)",
        "cos(q2+q3+q4)",
        "sin(q2+q3+q4+q5)",
        "cos(q2+q3+q4+q5)"
      ],
      "coeff_full": [
        0.26248807119605666,
        0.46790725061289734,
        6.438723264018436,
        0.09863051554078303,
        1.1549546546944744,
        -0.0551014135168432,
        -1.4977082410133407
      ],
      "train_metrics": {
        "mae": 0.6709571676251933,
        "rmse": 0.7756829971480673,
        "max_abs": 2.030938798011639,
        "mae_ratio": 0.11600883060811944,
        "corr": 0.9492206099368752
      },
      "test_metrics": {
        "mae": 0.667921236337517,
        "rmse": 0.7725664220680327,
        "max_abs": 2.121302706157363,
        "mae_ratio": 0.11538444693941063,
        "corr": 0.9497390992561379
      },
      "full_metrics": {
        "mae": 0.67038730855386,
        "rmse": 0.775055847819,
        "max_abs": 2.1242977625762935,
        "mae_ratio": 0.11589032054375335,
        "corr": 0.9493247143703966
      }
    },
    "joint4": {
      "terms": [
        "1",
        "sin(q4)",
        "cos(q4)",
        "sin(q2+q3+q4)",
        "cos(q2+q3+q4)",
        "sin(q2+q3+q4+q5)",
        "cos(q2+q3+q4+q5)"
      ],
      "coeff_full": [
        0.008607648523875978,
        0.444229370067654,
        -0.26521717051764904,
        0.0052601698731086265,
        -0.053776236255133156,
        0.285355690106426,
        0.23257749943017295
      ],
      "train_metrics": {
        "mae": 0.01707977679050743,
        "rmse": 0.02512249229563182,
        "max_abs": 0.13033759666972955,
        "mae_ratio": 0.16116854024365646,
        "corr": 0.9911796808169983
      },
      "test_metrics": {
        "mae": 0.016962746549344654,
        "rmse": 0.024815109646752476,
        "max_abs": 0.12510490372081867,
        "mae_ratio": 0.1600480444898778,
        "corr": 0.9913988549429613
      },
      "full_metrics": {
        "mae": 0.017050460955307524,
        "rmse": 0.025061064772455798,
        "max_abs": 0.13200063866384015,
        "mae_ratio": 0.16088865805132263,
        "corr": 0.9912236605228691
      }
    },
    "joint5": {
      "terms": [
        "1",
        "sin(q5)",
        "cos(q5)",
        "sin(q2+q3+q4+q5)",
        "cos(q2+q3+q4+q5)"
      ],
      "coeff_full": [
        0.6000370099553787,
        0.3499588473493426,
        -0.3349878833409643,
        0.01866990266372228,
        0.41083922337400863
      ],
      "train_metrics": {
        "mae": 0.31642510183845296,
        "rmse": 0.38010780376681436,
        "max_abs": 1.3824147613868993,
        "mae_ratio": 0.3892068509302743,
        "corr": 0.6767579476759676
      },
      "test_metrics": {
        "mae": 0.31700451305900523,
        "rmse": 0.3807263824996576,
        "max_abs": 1.3624173466727325,
        "mae_ratio": 0.3898280378631478,
        "corr": 0.6774328870464758
      },
      "full_metrics": {
        "mae": 0.31654651331483036,
        "rmse": 0.3802311824653668,
        "max_abs": 1.382642854795158,
        "mae_ratio": 0.3893379123493821,
        "corr": 0.6768930006014822
      }
    },
    "joint6": {
      "terms": [
        "1",
        "sin(q6)",
        "cos(q6)"
      ],
      "coeff_full": [
        0.5511823837864173,
        0.7307347555121969,
        -0.49372911882204124
      ],
      "train_metrics": {
        "mae": 0.8150246047106965,
        "rmse": 1.024764471983366,
        "max_abs": 2.9665077904316703,
        "mae_ratio": 0.9977291456117582,
        "corr": 0.1086349727315749
      },
      "test_metrics": {
        "mae": 0.8136975430010941,
        "rmse": 1.025606862545558,
        "max_abs": 2.975430251827724,
        "mae_ratio": 0.9972036647518028,
        "corr": 0.1112168235218301
      },
      "full_metrics": {
        "mae": 0.8148504666714381,
        "rmse": 1.0249311926623492,
        "max_abs": 2.9771513670179837,
        "mae_ratio": 0.9977359020772649,
        "corr": 0.10915403466682684
      }
    }
  }
}