{
  "csv_path": "E:\\RoboMaster\\mec_arm\\gravity_identification\\data\\mc02_capture_cleaned.csv",
  "num_samples": 10593,
  "test_stride": 5,
  "ridge_lambda": 0.01,
  "fit_joints": [
    1,
    2,
    3,
    4,
    5,
    6
  ],
  "joint_results": {
    "joint1": {
      "terms": [
        "1",
        "sin(q1)",
        "cos(q1)"
      ],
      "coeff_full": [
        4.1480144391141645,
        -0.7189343359862677,
        -4.140839585296501
      ],
      "train_metrics": {
        "mae": 0.2905568451596196,
        "rmse": 0.3588520134285397,
        "max_abs": 1.4725514358445775,
        "mae_ratio": 0.9773617141789775,
        "corr": 0.07879010574134471
      },
      "test_metrics": {
        "mae": 0.2913292342016965,
        "rmse": 0.359333469681084,
        "max_abs": 1.4110160667603049,
        "mae_ratio": 0.9773035030185654,
        "corr": 0.07441504933038785
      },
      "full_metrics": {
        "mae": 0.2907092611725365,
        "rmse": 0.35894889678365116,
        "max_abs": 1.4620382173142885,
        "mae_ratio": 0.977343014786024,
        "corr": 0.07787284932854452
      }
    },
    "joint2": {
      "terms": [
        "1",
        "sin(q2)",
        "cos(q2)",
        "sin(q2+q3)",
        "cos(q2+q3)",
        "sin(q2+q3+q4)",
        "cos(q2+q3+q4)",
        "sin(q2+q3+q4+q5)",
        "cos(q2+q3+q4+q5)"
      ],
      "coeff_full": [
        5.184500722573386,
        -7.220903412929277,
        -9.491881041959767,
        2.3266556810888765,
        10.566914689662736,
        -3.037735440205841,
        -7.383647714241065,
        -1.8801017158576288,
        1.427937856375686
      ],
      "train_metrics": {
        "mae": 0.6954605386982369,
        "rmse": 0.9743027035155062,
        "max_abs": 9.003242173579888,
        "mae_ratio": 0.12447819998801486,
        "corr": 0.9861791263636907
      },
      "test_metrics": {
        "mae": 0.698246805647529,
        "rmse": 0.9792388867746298,
        "max_abs": 8.628980206964087,
        "mae_ratio": 0.12488179942094911,
        "corr": 0.9860468215858345
      },
      "full_metrics": {
        "mae": 0.6964807957835125,
        "rmse": 0.9752860324927611,
        "max_abs": 8.939483455578817,
        "mae_ratio": 0.12464182435378146,
        "corr": 0.9861528169826803
      }
    },
    "joint3": {
      "terms": [
        "1",
        "sin(q2+q3)",
        "cos(q2+q3)",
        "sin(q2+q3+q4)",
        "cos(q2+q3+q4)",
        "sin(q2+q3+q4+q5)",
        "cos(q2+q3+q4+q5)"
      ],
      "coeff_full": [
        -1.4528580384793914,
        9.353567261672064,
        7.7866191062337,
        -7.708371598859836,
        1.7427494092651126,
        -1.525626036891307,
        -7.611308695605755
      ],
      "train_metrics": {
        "mae": 0.516944576070259,
        "rmse": 0.6829505160138618,
        "max_abs": 3.5677984207248397,
        "mae_ratio": 0.08907863174171274,
        "corr": 0.9711016650628429
      },
      "test_metrics": {
        "mae": 0.516018449958306,
        "rmse": 0.6805414964853876,
        "max_abs": 2.6329335372934395,
        "mae_ratio": 0.08884510498343812,
        "corr": 0.9712776310246019
      },
      "full_metrics": {
        "mae": 0.5169064460231609,
        "rmse": 0.6824662429166134,
        "max_abs": 3.553180268400049,
        "mae_ratio": 0.08905723536618995,
        "corr": 0.9711369011879494
      }
    },
    "joint4": {
      "terms": [
        "1",
        "sin(q4)",
        "cos(q4)",
        "sin(q2+q3+q4)",
        "cos(q2+q3+q4)",
        "sin(q2+q3+q4+q5)",
        "cos(q2+q3+q4+q5)"
      ],
      "coeff_full": [
        0.08332342155623262,
        1.250488933302053,
        -1.2679557406569384,
        0.05269305892526232,
        0.0866326926245163,
        1.2580765982783164,
        0.9696598304837729
      ],
      "train_metrics": {
        "mae": 0.023135885092062367,
        "rmse": 0.029705651543032095,
        "max_abs": 0.2829432269452712,
        "mae_ratio": 0.5345803365733759,
        "corr": 0.6962939573000396
      },
      "test_metrics": {
        "mae": 0.023257272375695203,
        "rmse": 0.030097417837323153,
        "max_abs": 0.2806846093685149,
        "mae_ratio": 0.5374271270040074,
        "corr": 0.6901783448879727
      },
      "full_metrics": {
        "mae": 0.023165049945645205,
        "rmse": 0.02978493254767954,
        "max_abs": 0.28200826298786796,
        "mae_ratio": 0.5352625911413752,
        "corr": 0.6950445243024316
      }
    },
    "joint5": {
      "terms": [
        "1",
        "sin(q5)",
        "cos(q5)",
        "sin(q2+q3+q4+q5)",
        "cos(q2+q3+q4+q5)"
      ],
      "coeff_full": [
        0.3714552747844732,
        -0.17466934156566977,
        -0.14265666697858442,
        0.7257087089914355,
        -0.2640566329363271
      ],
      "train_metrics": {
        "mae": 0.23100701791108552,
        "rmse": 0.3153043138852626,
        "max_abs": 1.0636776041137557,
        "mae_ratio": 0.28574080543930186,
        "corr": 0.7733527836297329
      },
      "test_metrics": {
        "mae": 0.23167610832045873,
        "rmse": 0.31695996967578066,
        "max_abs": 1.0256636132783354,
        "mae_ratio": 0.28651028287988173,
        "corr": 0.771615761211122
      },
      "full_metrics": {
        "mae": 0.23112640023999745,
        "rmse": 0.3156360949706496,
        "max_abs": 1.0646506077157971,
        "mae_ratio": 0.28587686834886417,
        "corr": 0.7730047421310404
      }
    },
    "joint6": {
      "terms": [
        "1",
        "sin(q6)",
        "cos(q6)"
      ],
      "coeff_full": [
        -11.347638059506629,
        -0.8360055488301135,
        11.358854081954762
      ],
      "train_metrics": {
        "mae": 0.7780884172663642,
        "rmse": 1.0708550712470521,
        "max_abs": 3.7657507724257706,
        "mae_ratio": 0.9290945352314645,
        "corr": 0.336066445286585
      },
      "test_metrics": {
        "mae": 0.7780054438729065,
        "rmse": 1.0735303196054349,
        "max_abs": 3.9817093222985918,
        "mae_ratio": 0.9290407067029982,
        "corr": 0.333705024626077
      },
      "full_metrics": {
        "mae": 0.7781555996020106,
        "rmse": 1.071390383136394,
        "max_abs": 3.973437100448642,
        "mae_ratio": 0.9291838085171054,
        "corr": 0.33559487691715173
      }
    }
  }
}