sample_id,theta1,theta2,theta3,theta4,theta5,theta6,tau_meas1,tau_meas2,tau_meas3,tau_meas4,tau_meas5,tau_meas6,tau_pred1,tau_pred2,tau_pred3,tau_pred4,tau_pred5,tau_pred6,err1,err2,err3,err4,err5,err6,error_norm
0,0.0,0.0,0.0,0.0,0.0,0.0,0.0,-0.08,-0.03,0.0,0.0,0.0,-9.6212891590777e-18,-0.07999999999999974,-0.029999999999999916,3.729655473350135e-17,-4.705437428587089e-17,3.430054099977755e-17,-9.6212891590777e-18,2.636779683484747e-16,8.326672684688674e-17,3.729655473350135e-17,-4.705437428587089e-17,3.430054099977755e-17,2.851905718016589e-16
1,0.2,-0.1,0.3,0.1,-0.2,0.2,0.0,-0.12,0.04,0.0,0.0,0.0,-5.721829389566419e-18,-0.11999999999999988,0.04000000000000009,9.237402509576498e-17,-5.833007687972014e-17,6.3024197837539796e-18,-5.721829389566419e-18,1.1102230246251565e-16,9.020562075079397e-17,9.237402509576498e-17,-5.833007687972014e-17,6.3024197837539796e-18,1.8019662557050124e-16
