{
  "csv_path": "E:\\RoboMaster\\mec_arm\\gravity_identification\\data\\mc02_capture_cleaned.csv",
  "num_samples": 10720,
  "test_stride": 5,
  "fit_joints": [
    2,
    3
  ],
  "joint_results": {
    "joint2": {
      "terms": [
        "1",
        "sin(q2)",
        "cos(q2)",
        "sin(q3)",
        "cos(q3)",
        "sin(q2+q3)",
        "cos(q2+q3)",
        "sin(q2+q3+q4)",
        "cos(q2+q3+q4)",
        "sin(q2+q3+q4+q5)",
        "cos(q2+q3+q4+q5)"
      ],
      "coeff_full": [
        1.1204541034360656,
        4.5233851299683785,
        4.5773143898402715,
        13.01573245781626,
        -10.447973758990335,
        -23.804617729137586,
        0.5175598429711477,
        9.10212199389535,
        -0.09457237636786597,
        2.4181701848194557,
        7.954793466215942
      ],
      "train_metrics": {
        "mae": 0.5495737536764066,
        "rmse": 0.6609581458966582,
        "max_abs": 2.20561938197695,
        "mae_ratio": 0.09286597109142523,
        "corr": 0.9631772878579705
      },
      "test_metrics": {
        "mae": 0.546829773250994,
        "rmse": 0.6607538781707115,
        "max_abs": 2.168000099065676,
        "mae_ratio": 0.09234322171878376,
        "corr": 0.9633732815292415
      },
      "full_metrics": {
        "mae": 0.5491481916833837,
        "rmse": 0.6609114648544762,
        "max_abs": 2.2013877972619227,
        "mae_ratio": 0.092782188923292,
        "corr": 0.963216984030694
      }
    },
    "joint3": {
      "terms": [
        "1",
        "sin(q2)",
        "cos(q2)",
        "sin(q3)",
        "cos(q3)",
        "sin(q2+q3)",
        "cos(q2+q3)",
        "sin(q2+q3+q4)",
        "cos(q2+q3+q4)",
        "sin(q2+q3+q4+q5)",
        "cos(q2+q3+q4+q5)"
      ],
      "coeff_full": [
        1.6830981169908055,
        4.980901170652681,
        -1.3675140071812277,
        -0.6855180760793106,
        -4.494974829231452,
        -9.510927508043372,
        13.200876249171445,
        6.427907957468264,
        -1.6091027276431302,
        3.7533449944302353,
        3.7746189786495083
      ],
      "train_metrics": {
        "mae": 0.5226224168610898,
        "rmse": 0.6355408453870234,
        "max_abs": 2.4621712731469225,
        "mae_ratio": 0.07749254470239028,
        "corr": 0.9046564554171445
      },
      "test_metrics": {
        "mae": 0.5221486279347984,
        "rmse": 0.6302539763879373,
        "max_abs": 2.159693699682249,
        "mae_ratio": 0.07747159320848059,
        "corr": 0.9064822421577707
      },
      "full_metrics": {
        "mae": 0.5226491988454599,
        "rmse": 0.6344753967813344,
        "max_abs": 2.4562665448978214,
        "mae_ratio": 0.07750638030455598,
        "corr": 0.9050250432775445
      }
    }
  }
}