{
  "csv_path": "E:\\RoboMaster\\mec_arm\\gravity_identification\\data\\mc02_capture_cleaned.csv",
  "num_samples": 8692,
  "test_stride": 5,
  "ridge_lambda": 0.01,
  "fit_joints": [
    1,
    2,
    3,
    4,
    5,
    6
  ],
  "joint_results": {
    "joint1": {
      "terms": [
        "1",
        "sin(q1)",
        "cos(q1)"
      ],
      "coeff_full": [
        -7.302170328095953,
        1.8327752843515654,
        7.594317485509516
      ],
      "train_metrics": {
        "mae": 0.2837197934521436,
        "rmse": 0.3387677480874076,
        "max_abs": 1.040584102857819,
        "mae_ratio": 0.7587020704463907,
        "corr": 0.31210569229778706
      },
      "test_metrics": {
        "mae": 0.2833297714848551,
        "rmse": 0.3385290879502598,
        "max_abs": 1.0120294046405967,
        "mae_ratio": 0.7617506406129013,
        "corr": 0.30663896149870723
      },
      "full_metrics": {
        "mae": 0.2837085134453668,
        "rmse": 0.338719308583423,
        "max_abs": 1.040064228184792,
        "mae_ratio": 0.7594880648345549,
        "corr": 0.311012459810865
      }
    },
    "joint2": {
      "terms": [
        "1",
        "sin(q2)",
        "cos(q2)",
        "sin(q2+q3)",
        "cos(q2+q3)",
        "sin(q2+q3+q4)",
        "cos(q2+q3+q4)",
        "sin(q2+q3+q4+q5)",
        "cos(q2+q3+q4+q5)"
      ],
      "coeff_full": [
        -3.459610966034755,
        -7.386153972441266,
        -7.925290341968384,
        0.9789500372171093,
        5.83422680619517,
        -0.660500811762647,
        4.531961928873594,
        -1.393155023194183,
        -1.831639280974879
      ],
      "train_metrics": {
        "mae": 0.6234696353224287,
        "rmse": 0.8255795780201252,
        "max_abs": 3.720882112107473,
        "mae_ratio": 0.11836846353614669,
        "corr": 0.9912925244812737
      },
      "test_metrics": {
        "mae": 0.6225103529725654,
        "rmse": 0.824332495234934,
        "max_abs": 3.4296727678333756,
        "mae_ratio": 0.11822872452546547,
        "corr": 0.9913223238290636
      },
      "full_metrics": {
        "mae": 0.6235538971168368,
        "rmse": 0.8253245389250983,
        "max_abs": 3.7216276737650507,
        "mae_ratio": 0.11839295271086636,
        "corr": 0.9912985478860599
      }
    },
    "joint3": {
      "terms": [
        "1",
        "sin(q2+q3)",
        "cos(q2+q3)",
        "sin(q2+q3+q4)",
        "cos(q2+q3+q4)",
        "sin(q2+q3+q4+q5)",
        "cos(q2+q3+q4+q5)"
      ],
      "coeff_full": [
        -1.014722576264803,
        5.395405162880721,
        6.627182176896086,
        -4.765533564964937,
        0.2103588395478846,
        2.0308096158072564,
        -4.220304702181901
      ],
      "train_metrics": {
        "mae": 0.5891193732621238,
        "rmse": 0.708416380805809,
        "max_abs": 2.1737487870429604,
        "mae_ratio": 0.0795822536526468,
        "corr": 0.8001841572236578
      },
      "test_metrics": {
        "mae": 0.5845368779181486,
        "rmse": 0.702664339241383,
        "max_abs": 2.0069161960964017,
        "mae_ratio": 0.07896476265883655,
        "corr": 0.8020635746156796
      },
      "full_metrics": {
        "mae": 0.5880400301080546,
        "rmse": 0.7072612043922086,
        "max_abs": 2.17552620503651,
        "mae_ratio": 0.07943675931933894,
        "corr": 0.8005626582639264
      }
    },
    "joint4": {
      "terms": [
        "1",
        "sin(q4)",
        "cos(q4)",
        "sin(q2+q3+q4)",
        "cos(q2+q3+q4)",
        "sin(q2+q3+q4+q5)",
        "cos(q2+q3+q4+q5)"
      ],
      "coeff_full": [
        0.37511234637632235,
        -1.0347805877403804,
        -1.2544649093561537,
        -0.007875946334887942,
        -0.05868534407340668,
        0.7714070804068114,
        -1.3173951190739575
      ],
      "train_metrics": {
        "mae": 0.016798710752254534,
        "rmse": 0.02223233142816619,
        "max_abs": 0.09876726362376298,
        "mae_ratio": 0.33518643398739306,
        "corr": 0.8590955438651218
      },
      "test_metrics": {
        "mae": 0.016831192946995987,
        "rmse": 0.02231381015891477,
        "max_abs": 0.10181687512121973,
        "mae_ratio": 0.33527679989831005,
        "corr": 0.85912253745137
      },
      "full_metrics": {
        "mae": 0.016816844266916396,
        "rmse": 0.022242673675361816,
        "max_abs": 0.10203962177418568,
        "mae_ratio": 0.3354366112684448,
        "corr": 0.8591796135497458
      }
    },
    "joint5": {
      "terms": [
        "1",
        "sin(q5)",
        "cos(q5)",
        "sin(q2+q3+q4+q5)",
        "cos(q2+q3+q4+q5)"
      ],
      "coeff_full": [
        0.9959834525330924,
        -0.4158235586287291,
        -0.12371646708796892,
        0.26760692087113,
        -0.3525406127183735
      ],
      "train_metrics": {
        "mae": 0.28138567424634164,
        "rmse": 0.349731795965503,
        "max_abs": 1.1832385575761737,
        "mae_ratio": 0.30068520422677747,
        "corr": 0.26986993627823314
      },
      "test_metrics": {
        "mae": 0.2802863209979989,
        "rmse": 0.3497444336679752,
        "max_abs": 1.1654941714924496,
        "mae_ratio": 0.30030341389539406,
        "corr": 0.26049723187385215
      },
      "full_metrics": {
        "mae": 0.2811154400847281,
        "rmse": 0.3497326450656566,
        "max_abs": 1.1851175000562473,
        "mae_ratio": 0.300555216105446,
        "corr": 0.26799924234644407
      }
    },
    "joint6": {
      "terms": [
        "1",
        "sin(q6)",
        "cos(q6)"
      ],
      "coeff_full": [
        -5.078323745918857,
        2.8135061612836636,
        4.939398096186459
      ],
      "train_metrics": {
        "mae": 0.861338187705992,
        "rmse": 1.0646734704887004,
        "max_abs": 3.2658940237315135,
        "mae_ratio": 0.9621743166054185,
        "corr": 0.2913668554422458
      },
      "test_metrics": {
        "mae": 0.8590381521577085,
        "rmse": 1.061055068922116,
        "max_abs": 3.1092410234496803,
        "mae_ratio": 0.9636107375057725,
        "corr": 0.2896049249354515
      },
      "full_metrics": {
        "mae": 0.8608839115260742,
        "rmse": 1.0639458281266503,
        "max_abs": 3.254489419927801,
        "mae_ratio": 0.9624673281848907,
        "corr": 0.29102589594043926
      }
    }
  }
}