{
  "csv_path": "E:\\RoboMaster\\mec_arm\\gravity_identification\\data\\mc02_capture_cleaned.csv",
  "num_samples": 10720,
  "test_stride": 5,
  "fit_joints": [
    2,
    3
  ],
  "joint_results": {
    "joint2": {
      "terms": [
        "1",
        "sin(q2)",
        "cos(q2)",
        "sin(q3)",
        "cos(q3)",
        "sin(q2+q3)",
        "cos(q2+q3)",
        "sin(q2+q3+q4)",
        "cos(q2+q3+q4)",
        "sin(q2+q3+q4+q5)",
        "cos(q2+q3+q4+q5)"
      ],
      "coeff_full": [
        1.120454103436373,
        4.52338512996884,
        4.577314389840545,
        13.015732457816517,
        -10.447973758990829,
        -23.804617729138076,
        0.5175598429711191,
        9.10212199389532,
        -0.09457237636786316,
        2.4181701848194206,
        7.954793466215905
      ],
      "train_metrics": {
        "mae": 0.5495737536764128,
        "rmse": 0.6609581458966582,
        "max_abs": 2.205619381976856,
        "mae_ratio": 0.09286597109142627,
        "corr": 0.9631772878579659
      },
      "test_metrics": {
        "mae": 0.5468297732509992,
        "rmse": 0.6607538781707107,
        "max_abs": 2.168000099065587,
        "mae_ratio": 0.09234322171878465,
        "corr": 0.9633732815292404
      },
      "full_metrics": {
        "mae": 0.5491481916833808,
        "rmse": 0.6609114648544762,
        "max_abs": 2.201387797261866,
        "mae_ratio": 0.09278218892329151,
        "corr": 0.9632169840306961
      }
    },
    "joint3": {
      "terms": [
        "1",
        "sin(q2)",
        "cos(q2)",
        "sin(q3)",
        "cos(q3)",
        "sin(q2+q3)",
        "cos(q2+q3)",
        "sin(q2+q3+q4)",
        "cos(q2+q3+q4)",
        "sin(q2+q3+q4+q5)",
        "cos(q2+q3+q4+q5)"
      ],
      "coeff_full": [
        1.6830981169909196,
        4.980901170653135,
        -1.36751400718068,
        -0.6855180760787609,
        -4.49497482923205,
        -9.510927508043961,
        13.200876249171248,
        6.427907957468088,
        -1.6091027276431293,
        3.7533449944301838,
        3.7746189786493485
      ],
      "train_metrics": {
        "mae": 0.5226224168610839,
        "rmse": 0.6355408453870233,
        "max_abs": 2.4621712731468595,
        "mae_ratio": 0.07749254470238941,
        "corr": 0.904656455417145
      },
      "test_metrics": {
        "mae": 0.5221486279347938,
        "rmse": 0.6302539763879383,
        "max_abs": 2.159693699682186,
        "mae_ratio": 0.07747159320847989,
        "corr": 0.9064822421577705
      },
      "full_metrics": {
        "mae": 0.522649198845462,
        "rmse": 0.6344753967813344,
        "max_abs": 2.456266544897856,
        "mae_ratio": 0.07750638030455628,
        "corr": 0.9050250432775455
      }
    }
  }
}